{"mean": [3.514633416341702, -1.8065086399645522, 32.82826406494432, 1.3589948841602864, 2.307711047031918, 1548.3748908471712, 1.5600748730513572, 88.19287560902853], "std": [0.23183228122057783, 0.6098751576147423, 3.9797080821950614, 1.317872194771818, 0.7995237707524883, 905.3150391386441, 0.18278579061062958, 45.795047761485314]}